label,arch,tt_metal_commit,x,g,oracle_bits,got_bits,baseline_bits,ulp,pass,false_zero_baseline,cycles_per_tile,insn,regs,ftz
host_sim,host,unset,45,4,0x008f,0x008f,0x0000,0,1,1,,,,
host_sim,host,unset,44,4,0x0204,0x0204,0x0204,0,1,0,,,,
host_sim,host,unset,46,4,0x0013,0x0013,0x0000,0,1,1,,,,
host_sim,host,unset,45,2,0x0047,0x0047,0x0000,0,1,1,,,,
host_sim,host,unset,45,8,0x010f,0x010f,0x0000,0,1,1,,,,
host_sim,host,unset,-45,4,0x008f,0x008f,0x0000,0,1,1,,,,
host_sim,host,unset,45,-4,0x808f,0x808f,0x8000,0,1,1,,,,
host_sim,host,unset,0,1,0x3f80,0x3f80,0x3f80,0,1,0,,,,
host_sim,host,unset,20,1,0x239d,0x239d,0x239d,0,1,0,,,,
host_sim,host,unset,3.38953139e+38,inf,0x7f80,0x7f80,0x7f80,0,1,0,,,,
