label,kind,x_bits,g_bits,host_ref_bits,candidate_bits
host,tanh_backward,0xc396,0x0000,0x0000,0x0000
host,tanh_backward,0xc396,0x8000,0x8000,0x8000
host,tanh_backward,0xc396,0x0001,0x0000,0x0000
host,tanh_backward,0xc396,0x8001,0x8000,0x8000
host,tanh_backward,0xc396,0x0080,0x0000,0x0000
host,tanh_backward,0xc396,0x8080,0x8000,0x8000
host,tanh_backward,0xc396,0x3f80,0x0000,0x0000
host,tanh_backward,0xc396,0xbf80,0x8000,0x8000
host,tanh_backward,0xc396,0x4080,0x0000,0x0000
host,tanh_backward,0xc396,0xc080,0x8000,0x8000
host,tanh_backward,0xc396,0x4100,0x0000,0x0000
host,tanh_backward,0xc396,0xc100,0x8000,0x8000
host,tanh_backward,0xc396,0x7f7f,0x0000,0x0000
host,tanh_backward,0xc396,0xff7f,0x8000,0x8000
host,tanh_backward,0xc348,0x0000,0x0000,0x0000
host,tanh_backward,0xc348,0x8000,0x8000,0x8000
host,tanh_backward,0xc348,0x0001,0x0000,0x0000
host,tanh_backward,0xc348,0x8001,0x8000,0x8000
host,tanh_backward,0xc348,0x0080,0x0000,0x0000
host,tanh_backward,0xc348,0x8080,0x8000,0x8000
host,tanh_backward,0xc348,0x3f80,0x0000,0x0000
host,tanh_backward,0xc348,0xbf80,0x8000,0x8000
host,tanh_backward,0xc348,0x4080,0x0000,0x0000
host,tanh_backward,0xc348,0xc080,0x8000,0x8000
host,tanh_backward,0xc348,0x4100,0x0000,0x0000
host,tanh_backward,0xc348,0xc100,0x8000,0x8000
host,tanh_backward,0xc348,0x7f7f,0x0000,0x0000
host,tanh_backward,0xc348,0xff7f,0x8000,0x8000
host,tanh_backward,0xc2c8,0x0000,0x0000,0x0000
host,tanh_backward,0xc2c8,0x8000,0x8000,0x8000
host,tanh_backward,0xc2c8,0x0001,0x0000,0x0000
host,tanh_backward,0xc2c8,0x8001,0x8000,0x8000
host,tanh_backward,0xc2c8,0x0080,0x0000,0x0000
host,tanh_backward,0xc2c8,0x8080,0x8000,0x8000
host,tanh_backward,0xc2c8,0x3f80,0x0000,0x0000
host,tanh_backward,0xc2c8,0xbf80,0x8000,0x8000
host,tanh_backward,0xc2c8,0x4080,0x0000,0x0000
host,tanh_backward,0xc2c8,0xc080,0x8000,0x8000
host,tanh_backward,0xc2c8,0x4100,0x0000,0x0000
host,tanh_backward,0xc2c8,0xc100,0x8000,0x8000
host,tanh_backward,0xc2c8,0x7f7f,0x0000,0x0000
host,tanh_backward,0xc2c8,0xff7f,0x8000,0x8000
host,tanh_backward,0xc2b4,0x0000,0x0000,0x0000
host,tanh_backward,0xc2b4,0x8000,0x8000,0x8000
host,tanh_backward,0xc2b4,0x0001,0x0000,0x0000
host,tanh_backward,0xc2b4,0x8001,0x8000,0x8000
host,tanh_backward,0xc2b4,0x0080,0x0000,0x0000
host,tanh_backward,0xc2b4,0x8080,0x8000,0x8000
host,tanh_backward,0xc2b4,0x3f80,0x0000,0x0000
host,tanh_backward,0xc2b4,0xbf80,0x8000,0x8000
host,tanh_backward,0xc2b4,0x4080,0x0000,0x0000
host,tanh_backward,0xc2b4,0xc080,0x8000,0x8000
host,tanh_backward,0xc2b4,0x4100,0x0000,0x0000
host,tanh_backward,0xc2b4,0xc100,0x8000,0x8000
host,tanh_backward,0xc2b4,0x7f7f,0x000a,0x000a
host,tanh_backward,0xc2b4,0xff7f,0x800a,0x800a
host,tanh_backward,0xc2a0,0x0000,0x0000,0x0000
host,tanh_backward,0xc2a0,0x8000,0x8000,0x8000
host,tanh_backward,0xc2a0,0x0001,0x0000,0x0000
host,tanh_backward,0xc2a0,0x8001,0x8000,0x8000
host,tanh_backward,0xc2a0,0x0080,0x0000,0x0000
host,tanh_backward,0xc2a0,0x8080,0x8000,0x8000
host,tanh_backward,0xc2a0,0x3f80,0x0000,0x0000
host,tanh_backward,0xc2a0,0xbf80,0x8000,0x8000
host,tanh_backward,0xc2a0,0x4080,0x0000,0x0000
host,tanh_backward,0xc2a0,0xc080,0x8000,0x8000
host,tanh_backward,0xc2a0,0x4100,0x0000,0x0000
host,tanh_backward,0xc2a0,0xc100,0x8000,0x8000
host,tanh_backward,0xc2a0,0x7f7f,0x0d0f,0x0d0f
host,tanh_backward,0xc2a0,0xff7f,0x8d0f,0x8d0f
host,tanh_backward,0xc270,0x0000,0x0000,0x0000
host,tanh_backward,0xc270,0x8000,0x8000,0x8000
host,tanh_backward,0xc270,0x0001,0x0000,0x0000
host,tanh_backward,0xc270,0x8001,0x8000,0x8000
host,tanh_backward,0xc270,0x0080,0x0000,0x0000
host,tanh_backward,0xc270,0x8080,0x8000,0x8000
host,tanh_backward,0xc270,0x3f80,0x0000,0x0000
host,tanh_backward,0xc270,0xbf80,0x8000,0x8000
host,tanh_backward,0xc270,0x4080,0x0000,0x0000
host,tanh_backward,0xc270,0xc080,0x8000,0x8000
host,tanh_backward,0xc270,0x4100,0x0000,0x0000
host,tanh_backward,0xc270,0xc100,0x8000,0x8000
host,tanh_backward,0xc270,0x7f7f,0x29ea,0x29ea
host,tanh_backward,0xc270,0xff7f,0xa9ea,0xa9ea
host,tanh_backward,0xc248,0x0000,0x0000,0x0000
host,tanh_backward,0xc248,0x8000,0x8000,0x8000
host,tanh_backward,0xc248,0x0001,0x0000,0x0000
host,tanh_backward,0xc248,0x8001,0x8000,0x8000
host,tanh_backward,0xc248,0x0080,0x0000,0x0000
host,tanh_backward,0xc248,0x8080,0x8000,0x8000
host,tanh_backward,0xc248,0x3f80,0x0000,0x0000
host,tanh_backward,0xc248,0xbf80,0x8000,0x8000
host,tanh_backward,0xc248,0x4080,0x0000,0x0000
host,tanh_backward,0xc248,0xc080,0x8000,0x8000
host,tanh_backward,0xc248,0x4100,0x0000,0x0000
host,tanh_backward,0xc248,0xc100,0x8000,0x8000
host,tanh_backward,0xc248,0x7f7f,0x3854,0x3854
host,tanh_backward,0xc248,0xff7f,0xb854,0xb854
host,tanh_backward,0xc238,0x0000,0x0000,0x0000
host,tanh_backward,0xc238,0x8000,0x8000,0x8000
host,tanh_backward,0xc238,0x0001,0x0000,0x0000
host,tanh_backward,0xc238,0x8001,0x8000,0x8000
host,tanh_backward,0xc238,0x0080,0x0000,0x0000
host,tanh_backward,0xc238,0x8080,0x8000,0x8000
host,tanh_backward,0xc238,0x3f80,0x0005,0x0005
host,tanh_backward,0xc238,0xbf80,0x8005,0x8005
host,tanh_backward,0xc238,0x4080,0x0013,0x0013
host,tanh_backward,0xc238,0xc080,0x8013,0x8013
host,tanh_backward,0xc238,0x4100,0x0027,0x0027
host,tanh_backward,0xc238,0xc100,0x8027,0x8027
host,tanh_backward,0xc238,0x7f7f,0x3e1a,0x3e1a
host,tanh_backward,0xc238,0xff7f,0xbe1a,0xbe1a
host,tanh_backward,0xc234,0x0000,0x0000,0x0000
host,tanh_backward,0xc234,0x8000,0x8000,0x8000
host,tanh_backward,0xc234,0x0001,0x0000,0x0000
host,tanh_backward,0xc234,0x8001,0x8000,0x8000
host,tanh_backward,0xc234,0x0080,0x0000,0x0000
host,tanh_backward,0xc234,0x8080,0x8000,0x8000
host,tanh_backward,0xc234,0x3f80,0x0024,0x0024
host,tanh_backward,0xc234,0xbf80,0x8024,0x8024
host,tanh_backward,0xc234,0x4080,0x008f,0x008f
host,tanh_backward,0xc234,0xc080,0x808f,0x808f
host,tanh_backward,0xc234,0x4100,0x010f,0x010f
host,tanh_backward,0xc234,0xc100,0x810f,0x810f
host,tanh_backward,0xc234,0x7f7f,0x3f8e,0x3f8e
host,tanh_backward,0xc234,0xff7f,0xbf8e,0xbf8e
host,tanh_backward,0xc230,0x0000,0x0000,0x0000
host,tanh_backward,0xc230,0x8000,0x8000,0x8000
host,tanh_backward,0xc230,0x0001,0x0000,0x0000
host,tanh_backward,0xc230,0x8001,0x8000,0x8000
host,tanh_backward,0xc230,0x0080,0x0000,0x0000
host,tanh_backward,0xc230,0x8080,0x8000,0x8000
host,tanh_backward,0xc230,0x3f80,0x0104,0x0104
host,tanh_backward,0xc230,0xbf80,0x8104,0x8104
host,tanh_backward,0xc230,0x4080,0x0204,0x0204
host,tanh_backward,0xc230,0xc080,0x8204,0x8204
host,tanh_backward,0xc230,0x4100,0x0284,0x0284
host,tanh_backward,0xc230,0xc100,0x8284,0x8284
host,tanh_backward,0xc230,0x7f7f,0x4103,0x4103
host,tanh_backward,0xc230,0xff7f,0xc103,0xc103
host,tanh_backward,0xc220,0x0000,0x0000,0x0000
host,tanh_backward,0xc220,0x8000,0x8000,0x8000
host,tanh_backward,0xc220,0x0001,0x0000,0x0000
host,tanh_backward,0xc220,0x8001,0x8000,0x8000
host,tanh_backward,0xc220,0x0080,0x0000,0x0000
host,tanh_backward,0xc220,0x8080,0x8000,0x8000
host,tanh_backward,0xc220,0x3f80,0x06c0,0x06c0
host,tanh_backward,0xc220,0xbf80,0x86c0,0x86c0
host,tanh_backward,0xc220,0x4080,0x07c0,0x07c0
host,tanh_backward,0xc220,0xc080,0x87c0,0x87c0
host,tanh_backward,0xc220,0x4100,0x0840,0x0840
host,tanh_backward,0xc220,0xc100,0x8840,0x8840
host,tanh_backward,0xc220,0x7f7f,0x46bf,0x46bf
host,tanh_backward,0xc220,0xff7f,0xc6bf,0xc6bf
host,tanh_backward,0xc1a0,0x0000,0x0000,0x0000
host,tanh_backward,0xc1a0,0x8000,0x8000,0x8000
host,tanh_backward,0xc1a0,0x0001,0x0000,0x0000
host,tanh_backward,0xc1a0,0x8001,0x8000,0x8000
host,tanh_backward,0xc1a0,0x0080,0x0000,0x0000
host,tanh_backward,0xc1a0,0x8080,0x8000,0x8000
host,tanh_backward,0xc1a0,0x3f80,0x239d,0x239d
host,tanh_backward,0xc1a0,0xbf80,0xa39d,0xa39d
host,tanh_backward,0xc1a0,0x4080,0x249d,0x249d
host,tanh_backward,0xc1a0,0xc080,0xa49d,0xa49d
host,tanh_backward,0xc1a0,0x4100,0x251d,0x251d
host,tanh_backward,0xc1a0,0xc100,0xa51d,0xa51d
host,tanh_backward,0xc1a0,0x7f7f,0x639c,0x639c
host,tanh_backward,0xc1a0,0xff7f,0xe39c,0xe39c
host,tanh_backward,0xc100,0x0000,0x0000,0x0000
host,tanh_backward,0xc100,0x8000,0x8000,0x8000
host,tanh_backward,0xc100,0x0001,0x0000,0x0000
host,tanh_backward,0xc100,0x8001,0x8000,0x8000
host,tanh_backward,0xc100,0x0080,0x0000,0x0000
host,tanh_backward,0xc100,0x8080,0x8000,0x8000
host,tanh_backward,0xc100,0x3f80,0x34f2,0x34f2
host,tanh_backward,0xc100,0xbf80,0xb4f2,0xb4f2
host,tanh_backward,0xc100,0x4080,0x35f2,0x35f2
host,tanh_backward,0xc100,0xc080,0xb5f2,0xb5f2
host,tanh_backward,0xc100,0x4100,0x3672,0x3672
host,tanh_backward,0xc100,0xc100,0xb672,0xb672
host,tanh_backward,0xc100,0x7f7f,0x74f1,0x74f1
host,tanh_backward,0xc100,0xff7f,0xf4f1,0xf4f1
host,tanh_backward,0xc000,0x0000,0x0000,0x0000
host,tanh_backward,0xc000,0x8000,0x8000,0x8000
host,tanh_backward,0xc000,0x0001,0x0000,0x0000
host,tanh_backward,0xc000,0x8001,0x8000,0x8000
host,tanh_backward,0xc000,0x0080,0x0009,0x0009
host,tanh_backward,0xc000,0x8080,0x8009,0x8009
host,tanh_backward,0xc000,0x3f80,0x3d91,0x3d91
host,tanh_backward,0xc000,0xbf80,0xbd91,0xbd91
host,tanh_backward,0xc000,0x4080,0x3e91,0x3e91
host,tanh_backward,0xc000,0xc080,0xbe91,0xbe91
host,tanh_backward,0xc000,0x4100,0x3f11,0x3f11
host,tanh_backward,0xc000,0xc100,0xbf11,0xbf11
host,tanh_backward,0xc000,0x7f7f,0x7d90,0x7d90
host,tanh_backward,0xc000,0xff7f,0xfd90,0xfd90
host,tanh_backward,0xbf80,0x0000,0x0000,0x0000
host,tanh_backward,0xbf80,0x8000,0x8000,0x8000
host,tanh_backward,0xbf80,0x0001,0x0000,0x0000
host,tanh_backward,0xbf80,0x8001,0x8000,0x8000
host,tanh_backward,0xbf80,0x0080,0x0036,0x0036
host,tanh_backward,0xbf80,0x8080,0x8036,0x8036
host,tanh_backward,0xbf80,0x3f80,0x3ed7,0x3ed7
host,tanh_backward,0xbf80,0xbf80,0xbed7,0xbed7
host,tanh_backward,0xbf80,0x4080,0x3fd7,0x3fd7
host,tanh_backward,0xbf80,0xc080,0xbfd7,0xbfd7
host,tanh_backward,0xbf80,0x4100,0x4057,0x4057
host,tanh_backward,0xbf80,0xc100,0xc057,0xc057
host,tanh_backward,0xbf80,0x7f7f,0x7ed6,0x7ed6
host,tanh_backward,0xbf80,0xff7f,0xfed6,0xfed6
host,tanh_backward,0xbf00,0x0000,0x0000,0x0000
host,tanh_backward,0xbf00,0x8000,0x8000,0x8000
host,tanh_backward,0xbf00,0x0001,0x0001,0x0001
host,tanh_backward,0xbf00,0x8001,0x8001,0x8001
host,tanh_backward,0xbf00,0x0080,0x0065,0x0065
host,tanh_backward,0xbf00,0x8080,0x8065,0x8065
host,tanh_backward,0xbf00,0x3f80,0x3f49,0x3f49
host,tanh_backward,0xbf00,0xbf80,0xbf49,0xbf49
host,tanh_backward,0xbf00,0x4080,0x4049,0x4049
host,tanh_backward,0xbf00,0xc080,0xc049,0xc049
host,tanh_backward,0xbf00,0x4100,0x40c9,0x40c9
host,tanh_backward,0xbf00,0xc100,0xc0c9,0xc0c9
host,tanh_backward,0xbf00,0x7f7f,0x7f49,0x7f49
host,tanh_backward,0xbf00,0xff7f,0xff49,0xff49
host,tanh_backward,0x8000,0x0000,0x0000,0x0000
host,tanh_backward,0x8000,0x8000,0x8000,0x8000
host,tanh_backward,0x8000,0x0001,0x0001,0x0001
host,tanh_backward,0x8000,0x8001,0x8001,0x8001
host,tanh_backward,0x8000,0x0080,0x0080,0x0080
host,tanh_backward,0x8000,0x8080,0x8080,0x8080
host,tanh_backward,0x8000,0x3f80,0x3f80,0x3f80
host,tanh_backward,0x8000,0xbf80,0xbf80,0xbf80
host,tanh_backward,0x8000,0x4080,0x4080,0x4080
host,tanh_backward,0x8000,0xc080,0xc080,0xc080
host,tanh_backward,0x8000,0x4100,0x4100,0x4100
host,tanh_backward,0x8000,0xc100,0xc100,0xc100
host,tanh_backward,0x8000,0x7f7f,0x7f7f,0x7f7f
host,tanh_backward,0x8000,0xff7f,0xff7f,0xff7f
host,tanh_backward,0x0000,0x0000,0x0000,0x0000
host,tanh_backward,0x0000,0x8000,0x8000,0x8000
host,tanh_backward,0x0000,0x0001,0x0001,0x0001
host,tanh_backward,0x0000,0x8001,0x8001,0x8001
host,tanh_backward,0x0000,0x0080,0x0080,0x0080
host,tanh_backward,0x0000,0x8080,0x8080,0x8080
host,tanh_backward,0x0000,0x3f80,0x3f80,0x3f80
host,tanh_backward,0x0000,0xbf80,0xbf80,0xbf80
host,tanh_backward,0x0000,0x4080,0x4080,0x4080
host,tanh_backward,0x0000,0xc080,0xc080,0xc080
host,tanh_backward,0x0000,0x4100,0x4100,0x4100
host,tanh_backward,0x0000,0xc100,0xc100,0xc100
host,tanh_backward,0x0000,0x7f7f,0x7f7f,0x7f7f
host,tanh_backward,0x0000,0xff7f,0xff7f,0xff7f
host,tanh_backward,0x3f00,0x0000,0x0000,0x0000
host,tanh_backward,0x3f00,0x8000,0x8000,0x8000
host,tanh_backward,0x3f00,0x0001,0x0001,0x0001
host,tanh_backward,0x3f00,0x8001,0x8001,0x8001
host,tanh_backward,0x3f00,0x0080,0x0065,0x0065
host,tanh_backward,0x3f00,0x8080,0x8065,0x8065
host,tanh_backward,0x3f00,0x3f80,0x3f49,0x3f49
host,tanh_backward,0x3f00,0xbf80,0xbf49,0xbf49
host,tanh_backward,0x3f00,0x4080,0x4049,0x4049
host,tanh_backward,0x3f00,0xc080,0xc049,0xc049
host,tanh_backward,0x3f00,0x4100,0x40c9,0x40c9
host,tanh_backward,0x3f00,0xc100,0xc0c9,0xc0c9
host,tanh_backward,0x3f00,0x7f7f,0x7f49,0x7f49
host,tanh_backward,0x3f00,0xff7f,0xff49,0xff49
host,tanh_backward,0x3f80,0x0000,0x0000,0x0000
host,tanh_backward,0x3f80,0x8000,0x8000,0x8000
host,tanh_backward,0x3f80,0x0001,0x0000,0x0000
host,tanh_backward,0x3f80,0x8001,0x8000,0x8000
host,tanh_backward,0x3f80,0x0080,0x0036,0x0036
host,tanh_backward,0x3f80,0x8080,0x8036,0x8036
host,tanh_backward,0x3f80,0x3f80,0x3ed7,0x3ed7
host,tanh_backward,0x3f80,0xbf80,0xbed7,0xbed7
host,tanh_backward,0x3f80,0x4080,0x3fd7,0x3fd7
host,tanh_backward,0x3f80,0xc080,0xbfd7,0xbfd7
host,tanh_backward,0x3f80,0x4100,0x4057,0x4057
host,tanh_backward,0x3f80,0xc100,0xc057,0xc057
host,tanh_backward,0x3f80,0x7f7f,0x7ed6,0x7ed6
host,tanh_backward,0x3f80,0xff7f,0xfed6,0xfed6
host,tanh_backward,0x4000,0x0000,0x0000,0x0000
host,tanh_backward,0x4000,0x8000,0x8000,0x8000
host,tanh_backward,0x4000,0x0001,0x0000,0x0000
host,tanh_backward,0x4000,0x8001,0x8000,0x8000
host,tanh_backward,0x4000,0x0080,0x0009,0x0009
host,tanh_backward,0x4000,0x8080,0x8009,0x8009
host,tanh_backward,0x4000,0x3f80,0x3d91,0x3d91
host,tanh_backward,0x4000,0xbf80,0xbd91,0xbd91
host,tanh_backward,0x4000,0x4080,0x3e91,0x3e91
host,tanh_backward,0x4000,0xc080,0xbe91,0xbe91
host,tanh_backward,0x4000,0x4100,0x3f11,0x3f11
host,tanh_backward,0x4000,0xc100,0xbf11,0xbf11
host,tanh_backward,0x4000,0x7f7f,0x7d90,0x7d90
host,tanh_backward,0x4000,0xff7f,0xfd90,0xfd90
host,tanh_backward,0x4100,0x0000,0x0000,0x0000
host,tanh_backward,0x4100,0x8000,0x8000,0x8000
host,tanh_backward,0x4100,0x0001,0x0000,0x0000
host,tanh_backward,0x4100,0x8001,0x8000,0x8000
host,tanh_backward,0x4100,0x0080,0x0000,0x0000
host,tanh_backward,0x4100,0x8080,0x8000,0x8000
host,tanh_backward,0x4100,0x3f80,0x34f2,0x34f2
host,tanh_backward,0x4100,0xbf80,0xb4f2,0xb4f2
host,tanh_backward,0x4100,0x4080,0x35f2,0x35f2
host,tanh_backward,0x4100,0xc080,0xb5f2,0xb5f2
host,tanh_backward,0x4100,0x4100,0x3672,0x3672
host,tanh_backward,0x4100,0xc100,0xb672,0xb672
host,tanh_backward,0x4100,0x7f7f,0x74f1,0x74f1
host,tanh_backward,0x4100,0xff7f,0xf4f1,0xf4f1
host,tanh_backward,0x41a0,0x0000,0x0000,0x0000
host,tanh_backward,0x41a0,0x8000,0x8000,0x8000
host,tanh_backward,0x41a0,0x0001,0x0000,0x0000
host,tanh_backward,0x41a0,0x8001,0x8000,0x8000
host,tanh_backward,0x41a0,0x0080,0x0000,0x0000
host,tanh_backward,0x41a0,0x8080,0x8000,0x8000
host,tanh_backward,0x41a0,0x3f80,0x239d,0x239d
host,tanh_backward,0x41a0,0xbf80,0xa39d,0xa39d
host,tanh_backward,0x41a0,0x4080,0x249d,0x249d
host,tanh_backward,0x41a0,0xc080,0xa49d,0xa49d
host,tanh_backward,0x41a0,0x4100,0x251d,0x251d
host,tanh_backward,0x41a0,0xc100,0xa51d,0xa51d
host,tanh_backward,0x41a0,0x7f7f,0x639c,0x639c
host,tanh_backward,0x41a0,0xff7f,0xe39c,0xe39c
host,tanh_backward,0x4220,0x0000,0x0000,0x0000
host,tanh_backward,0x4220,0x8000,0x8000,0x8000
host,tanh_backward,0x4220,0x0001,0x0000,0x0000
host,tanh_backward,0x4220,0x8001,0x8000,0x8000
host,tanh_backward,0x4220,0x0080,0x0000,0x0000
host,tanh_backward,0x4220,0x8080,0x8000,0x8000
host,tanh_backward,0x4220,0x3f80,0x06c0,0x06c0
host,tanh_backward,0x4220,0xbf80,0x86c0,0x86c0
host,tanh_backward,0x4220,0x4080,0x07c0,0x07c0
host,tanh_backward,0x4220,0xc080,0x87c0,0x87c0
host,tanh_backward,0x4220,0x4100,0x0840,0x0840
host,tanh_backward,0x4220,0xc100,0x8840,0x8840
host,tanh_backward,0x4220,0x7f7f,0x46bf,0x46bf
host,tanh_backward,0x4220,0xff7f,0xc6bf,0xc6bf
host,tanh_backward,0x4230,0x0000,0x0000,0x0000
host,tanh_backward,0x4230,0x8000,0x8000,0x8000
host,tanh_backward,0x4230,0x0001,0x0000,0x0000
host,tanh_backward,0x4230,0x8001,0x8000,0x8000
host,tanh_backward,0x4230,0x0080,0x0000,0x0000
host,tanh_backward,0x4230,0x8080,0x8000,0x8000
host,tanh_backward,0x4230,0x3f80,0x0104,0x0104
host,tanh_backward,0x4230,0xbf80,0x8104,0x8104
host,tanh_backward,0x4230,0x4080,0x0204,0x0204
host,tanh_backward,0x4230,0xc080,0x8204,0x8204
host,tanh_backward,0x4230,0x4100,0x0284,0x0284
host,tanh_backward,0x4230,0xc100,0x8284,0x8284
host,tanh_backward,0x4230,0x7f7f,0x4103,0x4103
host,tanh_backward,0x4230,0xff7f,0xc103,0xc103
host,tanh_backward,0x4234,0x0000,0x0000,0x0000
host,tanh_backward,0x4234,0x8000,0x8000,0x8000
host,tanh_backward,0x4234,0x0001,0x0000,0x0000
host,tanh_backward,0x4234,0x8001,0x8000,0x8000
host,tanh_backward,0x4234,0x0080,0x0000,0x0000
host,tanh_backward,0x4234,0x8080,0x8000,0x8000
host,tanh_backward,0x4234,0x3f80,0x0024,0x0024
host,tanh_backward,0x4234,0xbf80,0x8024,0x8024
host,tanh_backward,0x4234,0x4080,0x008f,0x008f
host,tanh_backward,0x4234,0xc080,0x808f,0x808f
host,tanh_backward,0x4234,0x4100,0x010f,0x010f
host,tanh_backward,0x4234,0xc100,0x810f,0x810f
host,tanh_backward,0x4234,0x7f7f,0x3f8e,0x3f8e
host,tanh_backward,0x4234,0xff7f,0xbf8e,0xbf8e
host,tanh_backward,0x4238,0x0000,0x0000,0x0000
host,tanh_backward,0x4238,0x8000,0x8000,0x8000
host,tanh_backward,0x4238,0x0001,0x0000,0x0000
host,tanh_backward,0x4238,0x8001,0x8000,0x8000
host,tanh_backward,0x4238,0x0080,0x0000,0x0000
host,tanh_backward,0x4238,0x8080,0x8000,0x8000
host,tanh_backward,0x4238,0x3f80,0x0005,0x0005
host,tanh_backward,0x4238,0xbf80,0x8005,0x8005
host,tanh_backward,0x4238,0x4080,0x0013,0x0013
host,tanh_backward,0x4238,0xc080,0x8013,0x8013
host,tanh_backward,0x4238,0x4100,0x0027,0x0027
host,tanh_backward,0x4238,0xc100,0x8027,0x8027
host,tanh_backward,0x4238,0x7f7f,0x3e1a,0x3e1a
host,tanh_backward,0x4238,0xff7f,0xbe1a,0xbe1a
host,tanh_backward,0x4248,0x0000,0x0000,0x0000
host,tanh_backward,0x4248,0x8000,0x8000,0x8000
host,tanh_backward,0x4248,0x0001,0x0000,0x0000
host,tanh_backward,0x4248,0x8001,0x8000,0x8000
host,tanh_backward,0x4248,0x0080,0x0000,0x0000
host,tanh_backward,0x4248,0x8080,0x8000,0x8000
host,tanh_backward,0x4248,0x3f80,0x0000,0x0000
host,tanh_backward,0x4248,0xbf80,0x8000,0x8000
host,tanh_backward,0x4248,0x4080,0x0000,0x0000
host,tanh_backward,0x4248,0xc080,0x8000,0x8000
host,tanh_backward,0x4248,0x4100,0x0000,0x0000
host,tanh_backward,0x4248,0xc100,0x8000,0x8000
host,tanh_backward,0x4248,0x7f7f,0x3854,0x3854
host,tanh_backward,0x4248,0xff7f,0xb854,0xb854
host,tanh_backward,0x4270,0x0000,0x0000,0x0000
host,tanh_backward,0x4270,0x8000,0x8000,0x8000
host,tanh_backward,0x4270,0x0001,0x0000,0x0000
host,tanh_backward,0x4270,0x8001,0x8000,0x8000
host,tanh_backward,0x4270,0x0080,0x0000,0x0000
host,tanh_backward,0x4270,0x8080,0x8000,0x8000
host,tanh_backward,0x4270,0x3f80,0x0000,0x0000
host,tanh_backward,0x4270,0xbf80,0x8000,0x8000
host,tanh_backward,0x4270,0x4080,0x0000,0x0000
host,tanh_backward,0x4270,0xc080,0x8000,0x8000
host,tanh_backward,0x4270,0x4100,0x0000,0x0000
host,tanh_backward,0x4270,0xc100,0x8000,0x8000
host,tanh_backward,0x4270,0x7f7f,0x29ea,0x29ea
host,tanh_backward,0x4270,0xff7f,0xa9ea,0xa9ea
host,tanh_backward,0x42a0,0x0000,0x0000,0x0000
host,tanh_backward,0x42a0,0x8000,0x8000,0x8000
host,tanh_backward,0x42a0,0x0001,0x0000,0x0000
host,tanh_backward,0x42a0,0x8001,0x8000,0x8000
host,tanh_backward,0x42a0,0x0080,0x0000,0x0000
host,tanh_backward,0x42a0,0x8080,0x8000,0x8000
host,tanh_backward,0x42a0,0x3f80,0x0000,0x0000
host,tanh_backward,0x42a0,0xbf80,0x8000,0x8000
host,tanh_backward,0x42a0,0x4080,0x0000,0x0000
host,tanh_backward,0x42a0,0xc080,0x8000,0x8000
host,tanh_backward,0x42a0,0x4100,0x0000,0x0000
host,tanh_backward,0x42a0,0xc100,0x8000,0x8000
host,tanh_backward,0x42a0,0x7f7f,0x0d0f,0x0d0f
host,tanh_backward,0x42a0,0xff7f,0x8d0f,0x8d0f
host,tanh_backward,0x42b4,0x0000,0x0000,0x0000
host,tanh_backward,0x42b4,0x8000,0x8000,0x8000
host,tanh_backward,0x42b4,0x0001,0x0000,0x0000
host,tanh_backward,0x42b4,0x8001,0x8000,0x8000
host,tanh_backward,0x42b4,0x0080,0x0000,0x0000
host,tanh_backward,0x42b4,0x8080,0x8000,0x8000
host,tanh_backward,0x42b4,0x3f80,0x0000,0x0000
host,tanh_backward,0x42b4,0xbf80,0x8000,0x8000
host,tanh_backward,0x42b4,0x4080,0x0000,0x0000
host,tanh_backward,0x42b4,0xc080,0x8000,0x8000
host,tanh_backward,0x42b4,0x4100,0x0000,0x0000
host,tanh_backward,0x42b4,0xc100,0x8000,0x8000
host,tanh_backward,0x42b4,0x7f7f,0x000a,0x000a
host,tanh_backward,0x42b4,0xff7f,0x800a,0x800a
host,tanh_backward,0x42c8,0x0000,0x0000,0x0000
host,tanh_backward,0x42c8,0x8000,0x8000,0x8000
host,tanh_backward,0x42c8,0x0001,0x0000,0x0000
host,tanh_backward,0x42c8,0x8001,0x8000,0x8000
host,tanh_backward,0x42c8,0x0080,0x0000,0x0000
host,tanh_backward,0x42c8,0x8080,0x8000,0x8000
host,tanh_backward,0x42c8,0x3f80,0x0000,0x0000
host,tanh_backward,0x42c8,0xbf80,0x8000,0x8000
host,tanh_backward,0x42c8,0x4080,0x0000,0x0000
host,tanh_backward,0x42c8,0xc080,0x8000,0x8000
host,tanh_backward,0x42c8,0x4100,0x0000,0x0000
host,tanh_backward,0x42c8,0xc100,0x8000,0x8000
host,tanh_backward,0x42c8,0x7f7f,0x0000,0x0000
host,tanh_backward,0x42c8,0xff7f,0x8000,0x8000
host,tanh_backward,0x4348,0x0000,0x0000,0x0000
host,tanh_backward,0x4348,0x8000,0x8000,0x8000
host,tanh_backward,0x4348,0x0001,0x0000,0x0000
host,tanh_backward,0x4348,0x8001,0x8000,0x8000
host,tanh_backward,0x4348,0x0080,0x0000,0x0000
host,tanh_backward,0x4348,0x8080,0x8000,0x8000
host,tanh_backward,0x4348,0x3f80,0x0000,0x0000
host,tanh_backward,0x4348,0xbf80,0x8000,0x8000
host,tanh_backward,0x4348,0x4080,0x0000,0x0000
host,tanh_backward,0x4348,0xc080,0x8000,0x8000
host,tanh_backward,0x4348,0x4100,0x0000,0x0000
host,tanh_backward,0x4348,0xc100,0x8000,0x8000
host,tanh_backward,0x4348,0x7f7f,0x0000,0x0000
host,tanh_backward,0x4348,0xff7f,0x8000,0x8000
host,tanh_backward,0x4396,0x0000,0x0000,0x0000
host,tanh_backward,0x4396,0x8000,0x8000,0x8000
host,tanh_backward,0x4396,0x0001,0x0000,0x0000
host,tanh_backward,0x4396,0x8001,0x8000,0x8000
host,tanh_backward,0x4396,0x0080,0x0000,0x0000
host,tanh_backward,0x4396,0x8080,0x8000,0x8000
host,tanh_backward,0x4396,0x3f80,0x0000,0x0000
host,tanh_backward,0x4396,0xbf80,0x8000,0x8000
host,tanh_backward,0x4396,0x4080,0x0000,0x0000
host,tanh_backward,0x4396,0xc080,0x8000,0x8000
host,tanh_backward,0x4396,0x4100,0x0000,0x0000
host,tanh_backward,0x4396,0xc100,0x8000,0x8000
host,tanh_backward,0x4396,0x7f7f,0x0000,0x0000
host,tanh_backward,0x4396,0xff7f,0x8000,0x8000
host,sigmoid_backward,0xc396,0x0000,0x0000,0x0000
host,sigmoid_backward,0xc396,0x8000,0x8000,0x8000
host,sigmoid_backward,0xc396,0x0001,0x0000,0x0000
host,sigmoid_backward,0xc396,0x8001,0x8000,0x8000
host,sigmoid_backward,0xc396,0x0080,0x0000,0x0000
host,sigmoid_backward,0xc396,0x8080,0x8000,0x8000
host,sigmoid_backward,0xc396,0x3f80,0x0000,0x0000
host,sigmoid_backward,0xc396,0xbf80,0x8000,0x8000
host,sigmoid_backward,0xc396,0x4080,0x0000,0x0000
host,sigmoid_backward,0xc396,0xc080,0x8000,0x8000
host,sigmoid_backward,0xc396,0x4100,0x0000,0x0000
host,sigmoid_backward,0xc396,0xc100,0x8000,0x8000
host,sigmoid_backward,0xc396,0x7f7f,0x0000,0x0000
host,sigmoid_backward,0xc396,0xff7f,0x8000,0x8000
host,sigmoid_backward,0xc348,0x0000,0x0000,0x0000
host,sigmoid_backward,0xc348,0x8000,0x8000,0x8000
host,sigmoid_backward,0xc348,0x0001,0x0000,0x0000
host,sigmoid_backward,0xc348,0x8001,0x8000,0x8000
host,sigmoid_backward,0xc348,0x0080,0x0000,0x0000
host,sigmoid_backward,0xc348,0x8080,0x8000,0x8000
host,sigmoid_backward,0xc348,0x3f80,0x0000,0x0000
host,sigmoid_backward,0xc348,0xbf80,0x8000,0x8000
host,sigmoid_backward,0xc348,0x4080,0x0000,0x0000
host,sigmoid_backward,0xc348,0xc080,0x8000,0x8000
host,sigmoid_backward,0xc348,0x4100,0x0000,0x0000
host,sigmoid_backward,0xc348,0xc100,0x8000,0x8000
host,sigmoid_backward,0xc348,0x7f7f,0x0000,0x0000
host,sigmoid_backward,0xc348,0xff7f,0x8000,0x8000
host,sigmoid_backward,0xc2c8,0x0000,0x0000,0x0000
host,sigmoid_backward,0xc2c8,0x8000,0x8000,0x8000
host,sigmoid_backward,0xc2c8,0x0001,0x0000,0x0000
host,sigmoid_backward,0xc2c8,0x8001,0x8000,0x8000
host,sigmoid_backward,0xc2c8,0x0080,0x0000,0x0000
host,sigmoid_backward,0xc2c8,0x8080,0x8000,0x8000
host,sigmoid_backward,0xc2c8,0x3f80,0x0000,0x0000
host,sigmoid_backward,0xc2c8,0xbf80,0x8000,0x8000
host,sigmoid_backward,0xc2c8,0x4080,0x0000,0x0000
host,sigmoid_backward,0xc2c8,0xc080,0x8000,0x8000
host,sigmoid_backward,0xc2c8,0x4100,0x0000,0x0000
host,sigmoid_backward,0xc2c8,0xc100,0x8000,0x8000
host,sigmoid_backward,0xc2c8,0x7f7f,0x3754,0x3754
host,sigmoid_backward,0xc2c8,0xff7f,0xb754,0xb754
host,sigmoid_backward,0xc2b4,0x0000,0x0000,0x0000
host,sigmoid_backward,0xc2b4,0x8000,0x8000,0x8000
host,sigmoid_backward,0xc2b4,0x0001,0x0000,0x0000
host,sigmoid_backward,0xc2b4,0x8001,0x8000,0x8000
host,sigmoid_backward,0xc2b4,0x0080,0x0000,0x0000
host,sigmoid_backward,0xc2b4,0x8080,0x8000,0x8000
host,sigmoid_backward,0xc2b4,0x3f80,0x0009,0x0009
host,sigmoid_backward,0xc2b4,0xbf80,0x8009,0x8009
host,sigmoid_backward,0xc2b4,0x4080,0x0024,0x0024
host,sigmoid_backward,0xc2b4,0xc080,0x8024,0x8024
host,sigmoid_backward,0xc2b4,0x4100,0x0047,0x0047
host,sigmoid_backward,0xc2b4,0xc100,0x8047,0x8047
host,sigmoid_backward,0xc2b4,0x7f7f,0x3e8e,0x3e8e
host,sigmoid_backward,0xc2b4,0xff7f,0xbe8e,0xbe8e
host,sigmoid_backward,0xc2a0,0x0000,0x0000,0x0000
host,sigmoid_backward,0xc2a0,0x8000,0x8000,0x8000
host,sigmoid_backward,0xc2a0,0x0001,0x0000,0x0000
host,sigmoid_backward,0xc2a0,0x8001,0x8000,0x8000
host,sigmoid_backward,0xc2a0,0x0080,0x0000,0x0000
host,sigmoid_backward,0xc2a0,0x8080,0x8000,0x8000
host,sigmoid_backward,0xc2a0,0x3f80,0x05c0,0x05c0
host,sigmoid_backward,0xc2a0,0xbf80,0x85c0,0x85c0
host,sigmoid_backward,0xc2a0,0x4080,0x06c0,0x06c0
host,sigmoid_backward,0xc2a0,0xc080,0x86c0,0x86c0
host,sigmoid_backward,0xc2a0,0x4100,0x0740,0x0740
host,sigmoid_backward,0xc2a0,0xc100,0x8740,0x8740
host,sigmoid_backward,0xc2a0,0x7f7f,0x45bf,0x45bf
host,sigmoid_backward,0xc2a0,0xff7f,0xc5bf,0xc5bf
host,sigmoid_backward,0xc270,0x0000,0x0000,0x0000
host,sigmoid_backward,0xc270,0x8000,0x8000,0x8000
host,sigmoid_backward,0xc270,0x0001,0x0000,0x0000
host,sigmoid_backward,0xc270,0x8001,0x8000,0x8000
host,sigmoid_backward,0xc270,0x0080,0x0000,0x0000
host,sigmoid_backward,0xc270,0x8080,0x8000,0x8000
host,sigmoid_backward,0xc270,0x3f80,0x142d,0x142d
host,sigmoid_backward,0xc270,0xbf80,0x942d,0x942d
host,sigmoid_backward,0xc270,0x4080,0x152d,0x152d
host,sigmoid_backward,0xc270,0xc080,0x952d,0x952d
host,sigmoid_backward,0xc270,0x4100,0x15ad,0x15ad
host,sigmoid_backward,0xc270,0xc100,0x95ad,0x95ad
host,sigmoid_backward,0xc270,0x7f7f,0x542d,0x542d
host,sigmoid_backward,0xc270,0xff7f,0xd42d,0xd42d
host,sigmoid_backward,0xc248,0x0000,0x0000,0x0000
host,sigmoid_backward,0xc248,0x8000,0x8000,0x8000
host,sigmoid_backward,0xc248,0x0001,0x0000,0x0000
host,sigmoid_backward,0xc248,0x8001,0x8000,0x8000
host,sigmoid_backward,0xc248,0x0080,0x0000,0x0000
host,sigmoid_backward,0xc248,0x8080,0x8000,0x8000
host,sigmoid_backward,0xc248,0x3f80,0x1b69,0x1b69
host,sigmoid_backward,0xc248,0xbf80,0x9b69,0x9b69
host,sigmoid_backward,0xc248,0x4080,0x1c69,0x1c69
host,sigmoid_backward,0xc248,0xc080,0x9c69,0x9c69
host,sigmoid_backward,0xc248,0x4100,0x1ce9,0x1ce9
host,sigmoid_backward,0xc248,0xc100,0x9ce9,0x9ce9
host,sigmoid_backward,0xc248,0x7f7f,0x5b68,0x5b68
host,sigmoid_backward,0xc248,0xff7f,0xdb68,0xdb68
host,sigmoid_backward,0xc238,0x0000,0x0000,0x0000
host,sigmoid_backward,0xc238,0x8000,0x8000,0x8000
host,sigmoid_backward,0xc238,0x0001,0x0000,0x0000
host,sigmoid_backward,0xc238,0x8001,0x8000,0x8000
host,sigmoid_backward,0xc238,0x0080,0x0000,0x0000
host,sigmoid_backward,0xc238,0x8080,0x8000,0x8000
host,sigmoid_backward,0xc238,0x3f80,0x1e47,0x1e47
host,sigmoid_backward,0xc238,0xbf80,0x9e47,0x9e47
host,sigmoid_backward,0xc238,0x4080,0x1f47,0x1f47
host,sigmoid_backward,0xc238,0xc080,0x9f47,0x9f47
host,sigmoid_backward,0xc238,0x4100,0x1fc7,0x1fc7
host,sigmoid_backward,0xc238,0xc100,0x9fc7,0x9fc7
host,sigmoid_backward,0xc238,0x7f7f,0x5e46,0x5e46
host,sigmoid_backward,0xc238,0xff7f,0xde46,0xde46
host,sigmoid_backward,0xc234,0x0000,0x0000,0x0000
host,sigmoid_backward,0xc234,0x8000,0x8000,0x8000
host,sigmoid_backward,0xc234,0x0001,0x0000,0x0000
host,sigmoid_backward,0xc234,0x8001,0x8000,0x8000
host,sigmoid_backward,0xc234,0x0080,0x0000,0x0000
host,sigmoid_backward,0xc234,0x8080,0x8000,0x8000
host,sigmoid_backward,0xc234,0x3f80,0x1f07,0x1f07
host,sigmoid_backward,0xc234,0xbf80,0x9f07,0x9f07
host,sigmoid_backward,0xc234,0x4080,0x2007,0x2007
host,sigmoid_backward,0xc234,0xc080,0xa007,0xa007
host,sigmoid_backward,0xc234,0x4100,0x2087,0x2087
host,sigmoid_backward,0xc234,0xc100,0xa087,0xa087
host,sigmoid_backward,0xc234,0x7f7f,0x5f07,0x5f07
host,sigmoid_backward,0xc234,0xff7f,0xdf07,0xdf07
host,sigmoid_backward,0xc230,0x0000,0x0000,0x0000
host,sigmoid_backward,0xc230,0x8000,0x8000,0x8000
host,sigmoid_backward,0xc230,0x0001,0x0000,0x0000
host,sigmoid_backward,0xc230,0x8001,0x8000,0x8000
host,sigmoid_backward,0xc230,0x0080,0x0000,0x0000
host,sigmoid_backward,0xc230,0x8080,0x8000,0x8000
host,sigmoid_backward,0xc230,0x3f80,0x1fb8,0x1fb8
host,sigmoid_backward,0xc230,0xbf80,0x9fb8,0x9fb8
host,sigmoid_backward,0xc230,0x4080,0x20b8,0x20b8
host,sigmoid_backward,0xc230,0xc080,0xa0b8,0xa0b8
host,sigmoid_backward,0xc230,0x4100,0x2138,0x2138
host,sigmoid_backward,0xc230,0xc100,0xa138,0xa138
host,sigmoid_backward,0xc230,0x7f7f,0x5fb7,0x5fb7
host,sigmoid_backward,0xc230,0xff7f,0xdfb7,0xdfb7
host,sigmoid_backward,0xc220,0x0000,0x0000,0x0000
host,sigmoid_backward,0xc220,0x8000,0x8000,0x8000
host,sigmoid_backward,0xc220,0x0001,0x0000,0x0000
host,sigmoid_backward,0xc220,0x8001,0x8000,0x8000
host,sigmoid_backward,0xc220,0x0080,0x0000,0x0000
host,sigmoid_backward,0xc220,0x8080,0x8000,0x8000
host,sigmoid_backward,0xc220,0x3f80,0x229d,0x229d
host,sigmoid_backward,0xc220,0xbf80,0xa29d,0xa29d
host,sigmoid_backward,0xc220,0x4080,0x239d,0x239d
host,sigmoid_backward,0xc220,0xc080,0xa39d,0xa39d
host,sigmoid_backward,0xc220,0x4100,0x241d,0x241d
host,sigmoid_backward,0xc220,0xc100,0xa41d,0xa41d
host,sigmoid_backward,0xc220,0x7f7f,0x629c,0x629c
host,sigmoid_backward,0xc220,0xff7f,0xe29c,0xe29c
host,sigmoid_backward,0xc1a0,0x0000,0x0000,0x0000
host,sigmoid_backward,0xc1a0,0x8000,0x8000,0x8000
host,sigmoid_backward,0xc1a0,0x0001,0x0000,0x0000
host,sigmoid_backward,0xc1a0,0x8001,0x8000,0x8000
host,sigmoid_backward,0xc1a0,0x0080,0x0000,0x0000
host,sigmoid_backward,0xc1a0,0x8080,0x8000,0x8000
host,sigmoid_backward,0xc1a0,0x3f80,0x310e,0x310e
host,sigmoid_backward,0xc1a0,0xbf80,0xb10e,0xb10e
host,sigmoid_backward,0xc1a0,0x4080,0x320e,0x320e
host,sigmoid_backward,0xc1a0,0xc080,0xb20e,0xb20e
host,sigmoid_backward,0xc1a0,0x4100,0x328e,0x328e
host,sigmoid_backward,0xc1a0,0xc100,0xb28e,0xb28e
host,sigmoid_backward,0xc1a0,0x7f7f,0x710d,0x710d
host,sigmoid_backward,0xc1a0,0xff7f,0xf10d,0xf10d
host,sigmoid_backward,0xc100,0x0000,0x0000,0x0000
host,sigmoid_backward,0xc100,0x8000,0x8000,0x8000
host,sigmoid_backward,0xc100,0x0001,0x0000,0x0000
host,sigmoid_backward,0xc100,0x8001,0x8000,0x8000
host,sigmoid_backward,0xc100,0x0080,0x0000,0x0000
host,sigmoid_backward,0xc100,0x8080,0x8000,0x8000
host,sigmoid_backward,0xc100,0x3f80,0x39b0,0x39b0
host,sigmoid_backward,0xc100,0xbf80,0xb9b0,0xb9b0
host,sigmoid_backward,0xc100,0x4080,0x3ab0,0x3ab0
host,sigmoid_backward,0xc100,0xc080,0xbab0,0xbab0
host,sigmoid_backward,0xc100,0x4100,0x3b30,0x3b30
host,sigmoid_backward,0xc100,0xc100,0xbb30,0xbb30
host,sigmoid_backward,0xc100,0x7f7f,0x79af,0x79af
host,sigmoid_backward,0xc100,0xff7f,0xf9af,0xf9af
host,sigmoid_backward,0xc000,0x0000,0x0000,0x0000
host,sigmoid_backward,0xc000,0x8000,0x8000,0x8000
host,sigmoid_backward,0xc000,0x0001,0x0000,0x0000
host,sigmoid_backward,0xc000,0x8001,0x8000,0x8000
host,sigmoid_backward,0xc000,0x0080,0x000d,0x000d
host,sigmoid_backward,0xc000,0x8080,0x800d,0x800d
host,sigmoid_backward,0xc000,0x3f80,0x3dd7,0x3dd7
host,sigmoid_backward,0xc000,0xbf80,0xbdd7,0xbdd7
host,sigmoid_backward,0xc000,0x4080,0x3ed7,0x3ed7
host,sigmoid_backward,0xc000,0xc080,0xbed7,0xbed7
host,sigmoid_backward,0xc000,0x4100,0x3f57,0x3f57
host,sigmoid_backward,0xc000,0xc100,0xbf57,0xbf57
host,sigmoid_backward,0xc000,0x7f7f,0x7dd6,0x7dd6
host,sigmoid_backward,0xc000,0xff7f,0xfdd6,0xfdd6
host,sigmoid_backward,0xbf80,0x0000,0x0000,0x0000
host,sigmoid_backward,0xbf80,0x8000,0x8000,0x8000
host,sigmoid_backward,0xbf80,0x0001,0x0000,0x0000
host,sigmoid_backward,0xbf80,0x8001,0x8000,0x8000
host,sigmoid_backward,0xbf80,0x0080,0x0019,0x0019
host,sigmoid_backward,0xbf80,0x8080,0x8019,0x8019
host,sigmoid_backward,0xbf80,0x3f80,0x3e49,0x3e49
host,sigmoid_backward,0xbf80,0xbf80,0xbe49,0xbe49
host,sigmoid_backward,0xbf80,0x4080,0x3f49,0x3f49
host,sigmoid_backward,0xbf80,0xc080,0xbf49,0xbf49
host,sigmoid_backward,0xbf80,0x4100,0x3fc9,0x3fc9
host,sigmoid_backward,0xbf80,0xc100,0xbfc9,0xbfc9
host,sigmoid_backward,0xbf80,0x7f7f,0x7e49,0x7e49
host,sigmoid_backward,0xbf80,0xff7f,0xfe49,0xfe49
host,sigmoid_backward,0xbf00,0x0000,0x0000,0x0000
host,sigmoid_backward,0xbf00,0x8000,0x8000,0x8000
host,sigmoid_backward,0xbf00,0x0001,0x0000,0x0000
host,sigmoid_backward,0xbf00,0x8001,0x8000,0x8000
host,sigmoid_backward,0xbf00,0x0080,0x001e,0x001e
host,sigmoid_backward,0xbf00,0x8080,0x801e,0x801e
host,sigmoid_backward,0xbf00,0x3f80,0x3e71,0x3e71
host,sigmoid_backward,0xbf00,0xbf80,0xbe71,0xbe71
host,sigmoid_backward,0xbf00,0x4080,0x3f71,0x3f71
host,sigmoid_backward,0xbf00,0xc080,0xbf71,0xbf71
host,sigmoid_backward,0xbf00,0x4100,0x3ff1,0x3ff1
host,sigmoid_backward,0xbf00,0xc100,0xbff1,0xbff1
host,sigmoid_backward,0xbf00,0x7f7f,0x7e70,0x7e70
host,sigmoid_backward,0xbf00,0xff7f,0xfe70,0xfe70
host,sigmoid_backward,0x8000,0x0000,0x0000,0x0000
host,sigmoid_backward,0x8000,0x8000,0x8000,0x8000
host,sigmoid_backward,0x8000,0x0001,0x0000,0x0000
host,sigmoid_backward,0x8000,0x8001,0x8000,0x8000
host,sigmoid_backward,0x8000,0x0080,0x0020,0x0020
host,sigmoid_backward,0x8000,0x8080,0x8020,0x8020
host,sigmoid_backward,0x8000,0x3f80,0x3e80,0x3e80
host,sigmoid_backward,0x8000,0xbf80,0xbe80,0xbe80
host,sigmoid_backward,0x8000,0x4080,0x3f80,0x3f80
host,sigmoid_backward,0x8000,0xc080,0xbf80,0xbf80
host,sigmoid_backward,0x8000,0x4100,0x4000,0x4000
host,sigmoid_backward,0x8000,0xc100,0xc000,0xc000
host,sigmoid_backward,0x8000,0x7f7f,0x7e7f,0x7e7f
host,sigmoid_backward,0x8000,0xff7f,0xfe7f,0xfe7f
host,sigmoid_backward,0x0000,0x0000,0x0000,0x0000
host,sigmoid_backward,0x0000,0x8000,0x8000,0x8000
host,sigmoid_backward,0x0000,0x0001,0x0000,0x0000
host,sigmoid_backward,0x0000,0x8001,0x8000,0x8000
host,sigmoid_backward,0x0000,0x0080,0x0020,0x0020
host,sigmoid_backward,0x0000,0x8080,0x8020,0x8020
host,sigmoid_backward,0x0000,0x3f80,0x3e80,0x3e80
host,sigmoid_backward,0x0000,0xbf80,0xbe80,0xbe80
host,sigmoid_backward,0x0000,0x4080,0x3f80,0x3f80
host,sigmoid_backward,0x0000,0xc080,0xbf80,0xbf80
host,sigmoid_backward,0x0000,0x4100,0x4000,0x4000
host,sigmoid_backward,0x0000,0xc100,0xc000,0xc000
host,sigmoid_backward,0x0000,0x7f7f,0x7e7f,0x7e7f
host,sigmoid_backward,0x0000,0xff7f,0xfe7f,0xfe7f
host,sigmoid_backward,0x3f00,0x0000,0x0000,0x0000
host,sigmoid_backward,0x3f00,0x8000,0x8000,0x8000
host,sigmoid_backward,0x3f00,0x0001,0x0000,0x0000
host,sigmoid_backward,0x3f00,0x8001,0x8000,0x8000
host,sigmoid_backward,0x3f00,0x0080,0x001e,0x001e
host,sigmoid_backward,0x3f00,0x8080,0x801e,0x801e
host,sigmoid_backward,0x3f00,0x3f80,0x3e71,0x3e71
host,sigmoid_backward,0x3f00,0xbf80,0xbe71,0xbe71
host,sigmoid_backward,0x3f00,0x4080,0x3f71,0x3f71
host,sigmoid_backward,0x3f00,0xc080,0xbf71,0xbf71
host,sigmoid_backward,0x3f00,0x4100,0x3ff1,0x3ff1
host,sigmoid_backward,0x3f00,0xc100,0xbff1,0xbff1
host,sigmoid_backward,0x3f00,0x7f7f,0x7e70,0x7e70
host,sigmoid_backward,0x3f00,0xff7f,0xfe70,0xfe70
host,sigmoid_backward,0x3f80,0x0000,0x0000,0x0000
host,sigmoid_backward,0x3f80,0x8000,0x8000,0x8000
host,sigmoid_backward,0x3f80,0x0001,0x0000,0x0000
host,sigmoid_backward,0x3f80,0x8001,0x8000,0x8000
host,sigmoid_backward,0x3f80,0x0080,0x0019,0x0019
host,sigmoid_backward,0x3f80,0x8080,0x8019,0x8019
host,sigmoid_backward,0x3f80,0x3f80,0x3e49,0x3e49
host,sigmoid_backward,0x3f80,0xbf80,0xbe49,0xbe49
host,sigmoid_backward,0x3f80,0x4080,0x3f49,0x3f49
host,sigmoid_backward,0x3f80,0xc080,0xbf49,0xbf49
host,sigmoid_backward,0x3f80,0x4100,0x3fc9,0x3fc9
host,sigmoid_backward,0x3f80,0xc100,0xbfc9,0xbfc9
host,sigmoid_backward,0x3f80,0x7f7f,0x7e49,0x7e49
host,sigmoid_backward,0x3f80,0xff7f,0xfe49,0xfe49
host,sigmoid_backward,0x4000,0x0000,0x0000,0x0000
host,sigmoid_backward,0x4000,0x8000,0x8000,0x8000
host,sigmoid_backward,0x4000,0x0001,0x0000,0x0000
host,sigmoid_backward,0x4000,0x8001,0x8000,0x8000
host,sigmoid_backward,0x4000,0x0080,0x000d,0x000d
host,sigmoid_backward,0x4000,0x8080,0x800d,0x800d
host,sigmoid_backward,0x4000,0x3f80,0x3dd7,0x3dd7
host,sigmoid_backward,0x4000,0xbf80,0xbdd7,0xbdd7
host,sigmoid_backward,0x4000,0x4080,0x3ed7,0x3ed7
host,sigmoid_backward,0x4000,0xc080,0xbed7,0xbed7
host,sigmoid_backward,0x4000,0x4100,0x3f57,0x3f57
host,sigmoid_backward,0x4000,0xc100,0xbf57,0xbf57
host,sigmoid_backward,0x4000,0x7f7f,0x7dd6,0x7dd6
host,sigmoid_backward,0x4000,0xff7f,0xfdd6,0xfdd6
host,sigmoid_backward,0x4100,0x0000,0x0000,0x0000
host,sigmoid_backward,0x4100,0x8000,0x8000,0x8000
host,sigmoid_backward,0x4100,0x0001,0x0000,0x0000
host,sigmoid_backward,0x4100,0x8001,0x8000,0x8000
host,sigmoid_backward,0x4100,0x0080,0x0000,0x0000
host,sigmoid_backward,0x4100,0x8080,0x8000,0x8000
host,sigmoid_backward,0x4100,0x3f80,0x39b0,0x39b0
host,sigmoid_backward,0x4100,0xbf80,0xb9b0,0xb9b0
host,sigmoid_backward,0x4100,0x4080,0x3ab0,0x3ab0
host,sigmoid_backward,0x4100,0xc080,0xbab0,0xbab0
host,sigmoid_backward,0x4100,0x4100,0x3b30,0x3b30
host,sigmoid_backward,0x4100,0xc100,0xbb30,0xbb30
host,sigmoid_backward,0x4100,0x7f7f,0x79af,0x79af
host,sigmoid_backward,0x4100,0xff7f,0xf9af,0xf9af
host,sigmoid_backward,0x41a0,0x0000,0x0000,0x0000
host,sigmoid_backward,0x41a0,0x8000,0x8000,0x8000
host,sigmoid_backward,0x41a0,0x0001,0x0000,0x0000
host,sigmoid_backward,0x41a0,0x8001,0x8000,0x8000
host,sigmoid_backward,0x41a0,0x0080,0x0000,0x0000
host,sigmoid_backward,0x41a0,0x8080,0x8000,0x8000
host,sigmoid_backward,0x41a0,0x3f80,0x310e,0x310e
host,sigmoid_backward,0x41a0,0xbf80,0xb10e,0xb10e
host,sigmoid_backward,0x41a0,0x4080,0x320e,0x320e
host,sigmoid_backward,0x41a0,0xc080,0xb20e,0xb20e
host,sigmoid_backward,0x41a0,0x4100,0x328e,0x328e
host,sigmoid_backward,0x41a0,0xc100,0xb28e,0xb28e
host,sigmoid_backward,0x41a0,0x7f7f,0x710d,0x710d
host,sigmoid_backward,0x41a0,0xff7f,0xf10d,0xf10d
host,sigmoid_backward,0x4220,0x0000,0x0000,0x0000
host,sigmoid_backward,0x4220,0x8000,0x8000,0x8000
host,sigmoid_backward,0x4220,0x0001,0x0000,0x0000
host,sigmoid_backward,0x4220,0x8001,0x8000,0x8000
host,sigmoid_backward,0x4220,0x0080,0x0000,0x0000
host,sigmoid_backward,0x4220,0x8080,0x8000,0x8000
host,sigmoid_backward,0x4220,0x3f80,0x229d,0x229d
host,sigmoid_backward,0x4220,0xbf80,0xa29d,0xa29d
host,sigmoid_backward,0x4220,0x4080,0x239d,0x239d
host,sigmoid_backward,0x4220,0xc080,0xa39d,0xa39d
host,sigmoid_backward,0x4220,0x4100,0x241d,0x241d
host,sigmoid_backward,0x4220,0xc100,0xa41d,0xa41d
host,sigmoid_backward,0x4220,0x7f7f,0x629c,0x629c
host,sigmoid_backward,0x4220,0xff7f,0xe29c,0xe29c
host,sigmoid_backward,0x4230,0x0000,0x0000,0x0000
host,sigmoid_backward,0x4230,0x8000,0x8000,0x8000
host,sigmoid_backward,0x4230,0x0001,0x0000,0x0000
host,sigmoid_backward,0x4230,0x8001,0x8000,0x8000
host,sigmoid_backward,0x4230,0x0080,0x0000,0x0000
host,sigmoid_backward,0x4230,0x8080,0x8000,0x8000
host,sigmoid_backward,0x4230,0x3f80,0x1fb8,0x1fb8
host,sigmoid_backward,0x4230,0xbf80,0x9fb8,0x9fb8
host,sigmoid_backward,0x4230,0x4080,0x20b8,0x20b8
host,sigmoid_backward,0x4230,0xc080,0xa0b8,0xa0b8
host,sigmoid_backward,0x4230,0x4100,0x2138,0x2138
host,sigmoid_backward,0x4230,0xc100,0xa138,0xa138
host,sigmoid_backward,0x4230,0x7f7f,0x5fb7,0x5fb7
host,sigmoid_backward,0x4230,0xff7f,0xdfb7,0xdfb7
host,sigmoid_backward,0x4234,0x0000,0x0000,0x0000
host,sigmoid_backward,0x4234,0x8000,0x8000,0x8000
host,sigmoid_backward,0x4234,0x0001,0x0000,0x0000
host,sigmoid_backward,0x4234,0x8001,0x8000,0x8000
host,sigmoid_backward,0x4234,0x0080,0x0000,0x0000
host,sigmoid_backward,0x4234,0x8080,0x8000,0x8000
host,sigmoid_backward,0x4234,0x3f80,0x1f07,0x1f07
host,sigmoid_backward,0x4234,0xbf80,0x9f07,0x9f07
host,sigmoid_backward,0x4234,0x4080,0x2007,0x2007
host,sigmoid_backward,0x4234,0xc080,0xa007,0xa007
host,sigmoid_backward,0x4234,0x4100,0x2087,0x2087
host,sigmoid_backward,0x4234,0xc100,0xa087,0xa087
host,sigmoid_backward,0x4234,0x7f7f,0x5f07,0x5f07
host,sigmoid_backward,0x4234,0xff7f,0xdf07,0xdf07
host,sigmoid_backward,0x4238,0x0000,0x0000,0x0000
host,sigmoid_backward,0x4238,0x8000,0x8000,0x8000
host,sigmoid_backward,0x4238,0x0001,0x0000,0x0000
host,sigmoid_backward,0x4238,0x8001,0x8000,0x8000
host,sigmoid_backward,0x4238,0x0080,0x0000,0x0000
host,sigmoid_backward,0x4238,0x8080,0x8000,0x8000
host,sigmoid_backward,0x4238,0x3f80,0x1e47,0x1e47
host,sigmoid_backward,0x4238,0xbf80,0x9e47,0x9e47
host,sigmoid_backward,0x4238,0x4080,0x1f47,0x1f47
host,sigmoid_backward,0x4238,0xc080,0x9f47,0x9f47
host,sigmoid_backward,0x4238,0x4100,0x1fc7,0x1fc7
host,sigmoid_backward,0x4238,0xc100,0x9fc7,0x9fc7
host,sigmoid_backward,0x4238,0x7f7f,0x5e46,0x5e46
host,sigmoid_backward,0x4238,0xff7f,0xde46,0xde46
host,sigmoid_backward,0x4248,0x0000,0x0000,0x0000
host,sigmoid_backward,0x4248,0x8000,0x8000,0x8000
host,sigmoid_backward,0x4248,0x0001,0x0000,0x0000
host,sigmoid_backward,0x4248,0x8001,0x8000,0x8000
host,sigmoid_backward,0x4248,0x0080,0x0000,0x0000
host,sigmoid_backward,0x4248,0x8080,0x8000,0x8000
host,sigmoid_backward,0x4248,0x3f80,0x1b69,0x1b69
host,sigmoid_backward,0x4248,0xbf80,0x9b69,0x9b69
host,sigmoid_backward,0x4248,0x4080,0x1c69,0x1c69
host,sigmoid_backward,0x4248,0xc080,0x9c69,0x9c69
host,sigmoid_backward,0x4248,0x4100,0x1ce9,0x1ce9
host,sigmoid_backward,0x4248,0xc100,0x9ce9,0x9ce9
host,sigmoid_backward,0x4248,0x7f7f,0x5b68,0x5b68
host,sigmoid_backward,0x4248,0xff7f,0xdb68,0xdb68
host,sigmoid_backward,0x4270,0x0000,0x0000,0x0000
host,sigmoid_backward,0x4270,0x8000,0x8000,0x8000
host,sigmoid_backward,0x4270,0x0001,0x0000,0x0000
host,sigmoid_backward,0x4270,0x8001,0x8000,0x8000
host,sigmoid_backward,0x4270,0x0080,0x0000,0x0000
host,sigmoid_backward,0x4270,0x8080,0x8000,0x8000
host,sigmoid_backward,0x4270,0x3f80,0x142d,0x142d
host,sigmoid_backward,0x4270,0xbf80,0x942d,0x942d
host,sigmoid_backward,0x4270,0x4080,0x152d,0x152d
host,sigmoid_backward,0x4270,0xc080,0x952d,0x952d
host,sigmoid_backward,0x4270,0x4100,0x15ad,0x15ad
host,sigmoid_backward,0x4270,0xc100,0x95ad,0x95ad
host,sigmoid_backward,0x4270,0x7f7f,0x542d,0x542d
host,sigmoid_backward,0x4270,0xff7f,0xd42d,0xd42d
host,sigmoid_backward,0x42a0,0x0000,0x0000,0x0000
host,sigmoid_backward,0x42a0,0x8000,0x8000,0x8000
host,sigmoid_backward,0x42a0,0x0001,0x0000,0x0000
host,sigmoid_backward,0x42a0,0x8001,0x8000,0x8000
host,sigmoid_backward,0x42a0,0x0080,0x0000,0x0000
host,sigmoid_backward,0x42a0,0x8080,0x8000,0x8000
host,sigmoid_backward,0x42a0,0x3f80,0x05c0,0x05c0
host,sigmoid_backward,0x42a0,0xbf80,0x85c0,0x85c0
host,sigmoid_backward,0x42a0,0x4080,0x06c0,0x06c0
host,sigmoid_backward,0x42a0,0xc080,0x86c0,0x86c0
host,sigmoid_backward,0x42a0,0x4100,0x0740,0x0740
host,sigmoid_backward,0x42a0,0xc100,0x8740,0x8740
host,sigmoid_backward,0x42a0,0x7f7f,0x45bf,0x45bf
host,sigmoid_backward,0x42a0,0xff7f,0xc5bf,0xc5bf
host,sigmoid_backward,0x42b4,0x0000,0x0000,0x0000
host,sigmoid_backward,0x42b4,0x8000,0x8000,0x8000
host,sigmoid_backward,0x42b4,0x0001,0x0000,0x0000
host,sigmoid_backward,0x42b4,0x8001,0x8000,0x8000
host,sigmoid_backward,0x42b4,0x0080,0x0000,0x0000
host,sigmoid_backward,0x42b4,0x8080,0x8000,0x8000
host,sigmoid_backward,0x42b4,0x3f80,0x0009,0x0009
host,sigmoid_backward,0x42b4,0xbf80,0x8009,0x8009
host,sigmoid_backward,0x42b4,0x4080,0x0024,0x0024
host,sigmoid_backward,0x42b4,0xc080,0x8024,0x8024
host,sigmoid_backward,0x42b4,0x4100,0x0047,0x0047
host,sigmoid_backward,0x42b4,0xc100,0x8047,0x8047
host,sigmoid_backward,0x42b4,0x7f7f,0x3e8e,0x3e8e
host,sigmoid_backward,0x42b4,0xff7f,0xbe8e,0xbe8e
host,sigmoid_backward,0x42c8,0x0000,0x0000,0x0000
host,sigmoid_backward,0x42c8,0x8000,0x8000,0x8000
host,sigmoid_backward,0x42c8,0x0001,0x0000,0x0000
host,sigmoid_backward,0x42c8,0x8001,0x8000,0x8000
host,sigmoid_backward,0x42c8,0x0080,0x0000,0x0000
host,sigmoid_backward,0x42c8,0x8080,0x8000,0x8000
host,sigmoid_backward,0x42c8,0x3f80,0x0000,0x0000
host,sigmoid_backward,0x42c8,0xbf80,0x8000,0x8000
host,sigmoid_backward,0x42c8,0x4080,0x0000,0x0000
host,sigmoid_backward,0x42c8,0xc080,0x8000,0x8000
host,sigmoid_backward,0x42c8,0x4100,0x0000,0x0000
host,sigmoid_backward,0x42c8,0xc100,0x8000,0x8000
host,sigmoid_backward,0x42c8,0x7f7f,0x3754,0x3754
host,sigmoid_backward,0x42c8,0xff7f,0xb754,0xb754
host,sigmoid_backward,0x4348,0x0000,0x0000,0x0000
host,sigmoid_backward,0x4348,0x8000,0x8000,0x8000
host,sigmoid_backward,0x4348,0x0001,0x0000,0x0000
host,sigmoid_backward,0x4348,0x8001,0x8000,0x8000
host,sigmoid_backward,0x4348,0x0080,0x0000,0x0000
host,sigmoid_backward,0x4348,0x8080,0x8000,0x8000
host,sigmoid_backward,0x4348,0x3f80,0x0000,0x0000
host,sigmoid_backward,0x4348,0xbf80,0x8000,0x8000
host,sigmoid_backward,0x4348,0x4080,0x0000,0x0000
host,sigmoid_backward,0x4348,0xc080,0x8000,0x8000
host,sigmoid_backward,0x4348,0x4100,0x0000,0x0000
host,sigmoid_backward,0x4348,0xc100,0x8000,0x8000
host,sigmoid_backward,0x4348,0x7f7f,0x0000,0x0000
host,sigmoid_backward,0x4348,0xff7f,0x8000,0x8000
host,sigmoid_backward,0x4396,0x0000,0x0000,0x0000
host,sigmoid_backward,0x4396,0x8000,0x8000,0x8000
host,sigmoid_backward,0x4396,0x0001,0x0000,0x0000
host,sigmoid_backward,0x4396,0x8001,0x8000,0x8000
host,sigmoid_backward,0x4396,0x0080,0x0000,0x0000
host,sigmoid_backward,0x4396,0x8080,0x8000,0x8000
host,sigmoid_backward,0x4396,0x3f80,0x0000,0x0000
host,sigmoid_backward,0x4396,0xbf80,0x8000,0x8000
host,sigmoid_backward,0x4396,0x4080,0x0000,0x0000
host,sigmoid_backward,0x4396,0xc080,0x8000,0x8000
host,sigmoid_backward,0x4396,0x4100,0x0000,0x0000
host,sigmoid_backward,0x4396,0xc100,0x8000,0x8000
host,sigmoid_backward,0x4396,0x7f7f,0x0000,0x0000
host,sigmoid_backward,0x4396,0xff7f,0x8000,0x8000
