label,arch,tt_metal_commit,scope,tiles,warmup,iteration,ns
ttnn_device,wormhole,f9524a5f1b75180f00ce7413c2fc1c5cca1f29ee,host_enqueue_to_sync,10,5,0,36686
ttnn_device,wormhole,f9524a5f1b75180f00ce7413c2fc1c5cca1f29ee,host_enqueue_to_sync,10,5,1,35103
ttnn_device,wormhole,f9524a5f1b75180f00ce7413c2fc1c5cca1f29ee,host_enqueue_to_sync,10,5,2,34983
ttnn_device,wormhole,f9524a5f1b75180f00ce7413c2fc1c5cca1f29ee,host_enqueue_to_sync,10,5,3,34281
ttnn_device,wormhole,f9524a5f1b75180f00ce7413c2fc1c5cca1f29ee,host_enqueue_to_sync,10,5,4,34522
ttnn_device,wormhole,f9524a5f1b75180f00ce7413c2fc1c5cca1f29ee,host_enqueue_to_sync,10,5,5,34612
ttnn_device,wormhole,f9524a5f1b75180f00ce7413c2fc1c5cca1f29ee,host_enqueue_to_sync,10,5,6,34121
ttnn_device,wormhole,f9524a5f1b75180f00ce7413c2fc1c5cca1f29ee,host_enqueue_to_sync,10,5,7,43906
ttnn_device,wormhole,f9524a5f1b75180f00ce7413c2fc1c5cca1f29ee,host_enqueue_to_sync,10,5,8,35434
ttnn_device,wormhole,f9524a5f1b75180f00ce7413c2fc1c5cca1f29ee,host_enqueue_to_sync,10,5,9,34862
ttnn_device,wormhole,f9524a5f1b75180f00ce7413c2fc1c5cca1f29ee,host_enqueue_to_sync,10,5,10,33981
ttnn_device,wormhole,f9524a5f1b75180f00ce7413c2fc1c5cca1f29ee,host_enqueue_to_sync,10,5,11,33630
ttnn_device,wormhole,f9524a5f1b75180f00ce7413c2fc1c5cca1f29ee,host_enqueue_to_sync,10,5,12,33550
ttnn_device,wormhole,f9524a5f1b75180f00ce7413c2fc1c5cca1f29ee,host_enqueue_to_sync,10,5,13,33730
ttnn_device,wormhole,f9524a5f1b75180f00ce7413c2fc1c5cca1f29ee,host_enqueue_to_sync,10,5,14,33770
ttnn_device,wormhole,f9524a5f1b75180f00ce7413c2fc1c5cca1f29ee,host_enqueue_to_sync,10,5,15,34201
ttnn_device,wormhole,f9524a5f1b75180f00ce7413c2fc1c5cca1f29ee,host_enqueue_to_sync,10,5,16,34001
ttnn_device,wormhole,f9524a5f1b75180f00ce7413c2fc1c5cca1f29ee,host_enqueue_to_sync,10,5,17,33971
ttnn_device,wormhole,f9524a5f1b75180f00ce7413c2fc1c5cca1f29ee,host_enqueue_to_sync,10,5,18,34031
ttnn_device,wormhole,f9524a5f1b75180f00ce7413c2fc1c5cca1f29ee,host_enqueue_to_sync,10,5,19,33951
ttnn_device,wormhole,f9524a5f1b75180f00ce7413c2fc1c5cca1f29ee,host_enqueue_to_sync,10,5,20,33511
ttnn_device,wormhole,f9524a5f1b75180f00ce7413c2fc1c5cca1f29ee,host_enqueue_to_sync,10,5,21,34702
ttnn_device,wormhole,f9524a5f1b75180f00ce7413c2fc1c5cca1f29ee,host_enqueue_to_sync,10,5,22,34161
ttnn_device,wormhole,f9524a5f1b75180f00ce7413c2fc1c5cca1f29ee,host_enqueue_to_sync,10,5,23,33440
ttnn_device,wormhole,f9524a5f1b75180f00ce7413c2fc1c5cca1f29ee,host_enqueue_to_sync,10,5,24,33250
ttnn_device,wormhole,f9524a5f1b75180f00ce7413c2fc1c5cca1f29ee,host_enqueue_to_sync,10,5,25,34171
ttnn_device,wormhole,f9524a5f1b75180f00ce7413c2fc1c5cca1f29ee,host_enqueue_to_sync,10,5,26,36876
ttnn_device,wormhole,f9524a5f1b75180f00ce7413c2fc1c5cca1f29ee,host_enqueue_to_sync,10,5,27,34752
ttnn_device,wormhole,f9524a5f1b75180f00ce7413c2fc1c5cca1f29ee,host_enqueue_to_sync,10,5,28,34001
ttnn_device,wormhole,f9524a5f1b75180f00ce7413c2fc1c5cca1f29ee,host_enqueue_to_sync,10,5,29,34401
