label,arch,tt_metal_commit,ttnn_module_under_source,x,g,oracle_bits,ttnn_bits,ulp,pass,exact_match,false_zero,nonuniform_lanes
ttnn_device,wormhole,f9524a5f1b75180f00ce7413c2fc1c5cca1f29ee,1,45,4,0x008f,0x0000,143,0,0,1,0
ttnn_device,wormhole,f9524a5f1b75180f00ce7413c2fc1c5cca1f29ee,1,44,4,0x0204,0x0204,0,1,1,0,0
ttnn_device,wormhole,f9524a5f1b75180f00ce7413c2fc1c5cca1f29ee,1,46,4,0x0013,0x0000,19,0,0,1,0
ttnn_device,wormhole,f9524a5f1b75180f00ce7413c2fc1c5cca1f29ee,1,45,2,0x0047,0x0000,71,0,0,1,0
ttnn_device,wormhole,f9524a5f1b75180f00ce7413c2fc1c5cca1f29ee,1,45,8,0x010f,0x0000,271,0,0,1,0
ttnn_device,wormhole,f9524a5f1b75180f00ce7413c2fc1c5cca1f29ee,1,-45,4,0x008f,0x0000,143,0,0,1,0
ttnn_device,wormhole,f9524a5f1b75180f00ce7413c2fc1c5cca1f29ee,1,45,-4,0x808f,0x0000,144,0,0,1,0
ttnn_device,wormhole,f9524a5f1b75180f00ce7413c2fc1c5cca1f29ee,1,0,1,0x3f80,0x3f80,0,1,1,0,0
ttnn_device,wormhole,f9524a5f1b75180f00ce7413c2fc1c5cca1f29ee,1,20,1,0x239d,0x239d,0,1,1,0,0
ttnn_device,wormhole,f9524a5f1b75180f00ce7413c2fc1c5cca1f29ee,1,3.38953139e+38,inf,0x7f80,0x0000,32640,0,0,0,0
