kind,id,verified,score,max_ulp,false_zeros,bits_motivating
tanh_backward,rr0_ev0_nm0_rc0_rd0,0,43,1,200,0x0000
tanh_backward,rr0_ev0_nm0_rc0_rd1,0,43,1,200,0x0000
tanh_backward,rr0_ev0_nm0_rc1_rd0,0,43,1,200,0x0000
tanh_backward,rr0_ev0_nm0_rc1_rd1,0,43,1,200,0x0000
tanh_backward,rr0_ev0_nm1_rc0_rd0,0,43,1,200,0x0000
tanh_backward,rr0_ev0_nm1_rc0_rd1,0,43,1,200,0x0000
tanh_backward,rr0_ev0_nm1_rc1_rd0,0,43,1,200,0x0000
tanh_backward,rr0_ev0_nm1_rc1_rd1,0,43,1,200,0x0000
tanh_backward,rr0_ev1_nm0_rc0_rd0,1,74,0,0,0x008f
tanh_backward,rr0_ev1_nm0_rc0_rd1,0,66,8,16,0x0090
tanh_backward,rr0_ev1_nm0_rc1_rd0,1,76,0,0,0x008f
tanh_backward,rr0_ev1_nm0_rc1_rd1,0,68,8,16,0x0090
tanh_backward,rr0_ev1_nm1_rc0_rd0,1,84,0,0,0x008f
tanh_backward,rr0_ev1_nm1_rc0_rd1,0,76,8,16,0x0090
tanh_backward,rr0_ev1_nm1_rc1_rd0,1,86,0,0,0x008f
tanh_backward,rr0_ev1_nm1_rc1_rd1,0,78,8,16,0x0090
tanh_backward,rr2_ev0_nm0_rc0_rd0,0,50,1,200,0x0000
tanh_backward,rr2_ev0_nm0_rc0_rd1,0,50,1,200,0x0000
tanh_backward,rr2_ev0_nm0_rc1_rd0,0,50,1,200,0x0000
tanh_backward,rr2_ev0_nm0_rc1_rd1,0,50,1,200,0x0000
tanh_backward,rr2_ev0_nm1_rc0_rd0,0,50,1,200,0x0000
tanh_backward,rr2_ev0_nm1_rc0_rd1,0,50,1,200,0x0000
tanh_backward,rr2_ev0_nm1_rc1_rd0,0,50,1,200,0x0000
tanh_backward,rr2_ev0_nm1_rc1_rd1,0,50,1,200,0x0000
tanh_backward,rr2_ev1_nm0_rc0_rd0,0,80,32639,0,0x008f
tanh_backward,rr2_ev1_nm0_rc0_rd1,0,72,32639,8,0x0090
tanh_backward,rr2_ev1_nm0_rc1_rd0,0,82,32639,0,0x008f
tanh_backward,rr2_ev1_nm0_rc1_rd1,0,74,32639,8,0x0090
tanh_backward,rr2_ev1_nm1_rc0_rd0,0,90,32639,0,0x008f
tanh_backward,rr2_ev1_nm1_rc0_rd1,0,82,32639,8,0x0090
tanh_backward,rr2_ev1_nm1_rc1_rd0,0,92,32639,0,0x008f
tanh_backward,rr2_ev1_nm1_rc1_rd1,0,84,32639,8,0x0090
sigmoid_backward,rr0_ev0_nm0_rc0_rd0,0,35,1,4,0x0000
sigmoid_backward,rr0_ev0_nm0_rc0_rd1,0,35,1,4,0x0000
sigmoid_backward,rr0_ev0_nm0_rc1_rd0,0,35,1,4,0x0000
sigmoid_backward,rr0_ev0_nm0_rc1_rd1,0,35,1,4,0x0000
sigmoid_backward,rr0_ev0_nm1_rc0_rd0,0,35,1,4,0x0000
sigmoid_backward,rr0_ev0_nm1_rc0_rd1,0,35,1,4,0x0000
sigmoid_backward,rr0_ev0_nm1_rc1_rd0,0,35,1,4,0x0000
sigmoid_backward,rr0_ev0_nm1_rc1_rd1,0,35,1,4,0x0000
sigmoid_backward,rr0_ev1_nm0_rc0_rd0,1,66,0,0,0x0047
sigmoid_backward,rr0_ev1_nm0_rc0_rd1,0,58,1,4,0x0048
sigmoid_backward,rr0_ev1_nm0_rc1_rd0,1,68,0,0,0x0047
sigmoid_backward,rr0_ev1_nm0_rc1_rd1,0,60,1,4,0x0048
sigmoid_backward,rr0_ev1_nm1_rc0_rd0,1,76,0,0,0x0047
sigmoid_backward,rr0_ev1_nm1_rc0_rd1,0,68,1,4,0x0048
sigmoid_backward,rr0_ev1_nm1_rc1_rd0,1,78,0,0,0x0047
sigmoid_backward,rr0_ev1_nm1_rc1_rd1,0,70,1,4,0x0048
sigmoid_backward,rr2_ev0_nm0_rc0_rd0,0,41,1,4,0x0000
sigmoid_backward,rr2_ev0_nm0_rc0_rd1,0,41,1,4,0x0000
sigmoid_backward,rr2_ev0_nm0_rc1_rd0,0,41,1,4,0x0000
sigmoid_backward,rr2_ev0_nm0_rc1_rd1,0,41,1,4,0x0000
sigmoid_backward,rr2_ev0_nm1_rc0_rd0,0,41,1,4,0x0000
sigmoid_backward,rr2_ev0_nm1_rc0_rd1,0,41,1,4,0x0000
sigmoid_backward,rr2_ev0_nm1_rc1_rd0,0,41,1,4,0x0000
sigmoid_backward,rr2_ev0_nm1_rc1_rd1,0,41,1,4,0x0000
sigmoid_backward,rr2_ev1_nm0_rc0_rd0,0,72,32383,0,0x0740
sigmoid_backward,rr2_ev1_nm0_rc0_rd1,0,64,32383,0,0x0740
sigmoid_backward,rr2_ev1_nm0_rc1_rd0,0,74,32383,0,0x0740
sigmoid_backward,rr2_ev1_nm0_rc1_rd1,0,66,32383,0,0x0740
sigmoid_backward,rr2_ev1_nm1_rc0_rd0,0,82,32383,0,0x0740
sigmoid_backward,rr2_ev1_nm1_rc0_rd1,0,74,32383,0,0x0740
sigmoid_backward,rr2_ev1_nm1_rc1_rd0,0,84,32383,0,0x0740
sigmoid_backward,rr2_ev1_nm1_rc1_rd1,0,76,32383,0,0x0740
